https://weworkremotely.com/remote-jobs/oppizi-senior-react-native-engineer,"Headquarters: Sydney, Australia",
https://weworkremotely.com/remote-jobs/g2i-inc-remote-contract-react-engineer-5,"Headquarters: Delray Beach, FL",Must be located: North and South America
https://weworkremotely.com/remote-jobs/convertkit-senior-rails-engineer-1,"Headquarters: Boise, ID",Must be located: US and Europe
https://weworkremotely.com/remote-jobs/instana-technical-product-manager-predict-identify-and-recommend,Headquarters: Germany,Must be located: Europe
https://weworkremotely.com/remote-jobs/waggl-inc-experienced-software-tester-manual-qa,"Headquarters: Sausalito, CA",Must be located: Americas
https://weworkremotely.com/remote-jobs/pluralsight-calling-all-aws-experts-earn-extra-cash-doing-freelance-work-from-home,Headquarters: Utah,
https://weworkremotely.com/remote-jobs/youcanbook-me-desarrollador-front-end-react-js-1,"Headquarters: Bedford, UK",Must be located: European Timezones
https://weworkremotely.com/remote-jobs/youcanbook-me-ingeniero-qa-con-automatizacion-de-pruebas,"Headquarters: Bedford, UK",Must be located: European Timezones
https://weworkremotely.com/remote-jobs/ray-curtis-llc-nodejs-mongodb-full-stack-developer,"Headquarters: Farmingdale, NY",
https://weworkremotely.com/remote-jobs/canonical-cloud-reliability-engineer,"Headquarters: London, England",
https://weworkremotely.com/remote-jobs/the-sensible-code-company-software-engineer-golang-desirable-1,"Headquarters: Belfast, Northern Ireland",Must be located: Europe
https://weworkremotely.com/remote-jobs/blender-market-ruby-on-rails-developer,"Headquarters: Geneva, IL",Must be located: U.S.A
https://weworkremotely.com/remote-jobs/prospect-software-developer-react-javascript,"Headquarters: Kitchener-Waterloo, Canada",
https://weworkremotely.com/remote-jobs/alacrity-law-senior-platform-engineer,"Headquarters: London, UK",
https://weworkremotely.com/remote-jobs/clevertech-front-end-javascript-engineer-2,Headquarters: Remote,Must be located: North America or Canada
https://weworkremotely.com/remote-jobs/wave-machine-learning-data-engineer,"Headquarters: Washington, DC",
https://weworkremotely.com/remote-jobs/citrusbyte-software-solutions-architect,Headquarters: Los Angeles,Must be located: North America
https://weworkremotely.com/remote-jobs/gotsoccer-llc-scheduling-optimization-programmer-2,"Headquarters: Neptune Beach, FL",
https://weworkremotely.com/remote-jobs/signifyd-software-engineer-back-end-san-jose-or-remote,"Headquarters: San Jose, CA",
https://weworkremotely.com/remote-jobs/signifyd-data-scientist-san-jose-or-remote,"Headquarters: San Jose, CA",
https://weworkremotely.com/remote-jobs/targetsmart-senior-full-stack-software-engineer,Headquarters: Washington D.C.,Must be located: U.S.A.
https://weworkremotely.com/remote-jobs/blue-coding-llc-remote-node-js-developer,Headquarters: Miami,"Must be located: Brasil, México, Colombia, Venezuela, Latin Ameri"
https://weworkremotely.com/remote-jobs/iestate-remote-berlin-based-senior-php-developer,Headquarters: Berlin,
https://weworkremotely.com/remote-jobs/help-scout-ops-engineer,"Headquarters: Boston, MA",Must be located: Americas
https://weworkremotely.com/remote-jobs/iestate-remote-berlin-based-blockchain-developer,Headquarters: Berlin,
https://weworkremotely.com/remote-jobs/sticker-mule-sr-front-end-developer,"Headquarters: New York, NY",
https://weworkremotely.com/remote-jobs/sleeknote-full-stack-engineer-frontend-focused,"Headquarters: Aarhus, Denmark",
https://weworkremotely.com/remote-jobs/groupfire-senior-software-engineer,Headquarters: New York City ,
https://weworkremotely.com/remote-jobs/dribbble-full-stack-engineer,Headquarters: Remote,Must be located: Canada
https://weworkremotely.com/remote-jobs/healthfinch-software-engineer-or-senior-software-engineer,Headquarters: Remote,Must be located: Remote
https://weworkremotely.com/remote-jobs/highereducation-com-experienced-front-end-web-developer-1,"Headquarters: Houston, TX",Must be located: U.S.A.
https://weworkremotely.com/remote-jobs/ticketsolve-front-end-software-engineer,"Headquarters: Dublin, Ireland",
https://weworkremotely.com/remote-jobs/plug-in-useful-senior-software-engineer,"Headquarters: London, UK",Must be located: Anywhere with roughly 4 hour overlap with Eastern Time and European Time
https://weworkremotely.com/remote-jobs/barrel-contract-web-developer-shopify-and-or-wordpress,"Headquarters: New York, NY",Must be located: Americas
https://weworkremotely.com/remote-jobs/govpredict-software-engineer-backend-rails,"Headquarters: Washington, DC",
https://weworkremotely.com/remote-jobs/cafe-x-technologies-inc-android-engineer,Headquarters: San Francisco,
https://weworkremotely.com/remote-jobs/x-team-python-developer-2,Headquarters: Remote,
https://weworkremotely.com/remote-jobs/x-team-wordpress-developer-2,Headquarters: Remote,
https://weworkremotely.com/remote-jobs/logikcull-senior-cloud-security-engineer,"Headquarters: San Francisco, CA",Must be located: USA
https://weworkremotely.com/remote-jobs/onthegosystems-ruby-on-rails-developer-1,Headquarters: 100% remote,
https://weworkremotely.com/remote-jobs/cvedia-senior-cpp-unity3d-developer-remote-europe,Headquarters: Europe,
https://weworkremotely.com/remote-jobs/teamweek-backend-elixir-developer,"Headquarters: Tallinn, Estonia",Must be located: Anywhere with working hours overlapping 0700-1400h UTC
https://weworkremotely.com/remote-jobs/rho-ai-software-engineer,"Headquarters: Everywhere, USA",Must be located: U.S.A.
https://weworkremotely.com/remote-jobs/astro-hq-ios-macos-software-engineer,"Headquarters: Minneapolis, MN",Must be located: USA
https://weworkremotely.com/remote-jobs/loandolphin-remote-front-end-developer-vue-js-angularjs,"Headquarters: Sydney, AU",
https://weworkremotely.com/remote-jobs/chili-piper-inc-front-end-engineer,"Headquarters: 81 Prospect Street, Brooklyn New York 11201",Must be located: Worldwide except US and Canada based candidates
https://weworkremotely.com/remote-jobs/xfive-native-mobile-app-developer,"Headquarters: ""San Francisco, CA"", ""Kraków, Poland"", ""Melbourne, Australia""","Must be located: “North America”, ""South America"", “Europe”"
https://weworkremotely.com/remote-jobs/north-street-creative-freelance-frontend-wordpress-developer,"Headquarters: New York, NY",
https://weworkremotely.com/remote-jobs/taxjar-software-engineer-platform-integrations-team-php,Headquarters: Remote - U.S.A.,Must be located: U.S.A.
https://weworkremotely.com/remote-jobs/taxjar-software-engineer-automation-team-ruby-on-rails,Headquarters: Remote - U.S.A.,Must be located: U.S.A.
https://weworkremotely.com/remote-jobs/goskills-software-engineer-with-top-100-phd-asp-net-mvc,"Headquarters: Wellington, New Zealand (ostensibly)",
https://weworkremotely.com/remote-jobs/crunch-io-frontend-engineer,"Headquarters: San Francisco, CA",
https://weworkremotely.com/remote-jobs/kbmax-front-end-web-developer,"Headquarters: Austin, TX",Must be located: U.S.A.
https://weworkremotely.com/remote-jobs/20spokes-full-stack-web-developer,Headquarters: Chicago,Must be located: North America
https://weworkremotely.com/remote-jobs/red-van-workshop-senior-front-end-web-engineer,"Headquarters: Boulder, CO & Grand Rapids, MI",Must be located: U.S.A.
https://weworkremotely.com/remote-jobs/membean-ruby-rails-developer,"Headquarters: Beaverton, OR",
https://weworkremotely.com/remote-jobs/bonfire-com-frontend-web-developer,"Headquarters: Richmond, VA",Must be located: Europe
https://weworkremotely.com/remote-jobs/cvedia-senior-unity3d-shaders-developer-remote-europe-time-zone,Headquarters: Europe,
https://weworkremotely.com/remote-jobs/irl-senior-mobile-engineer,"Headquarters: San Francisco, CA",
https://weworkremotely.com/remote-jobs/aha-sr-ruby-on-rails-front-end-developer-react-js,Headquarters: North America,Must be located: North America
https://weworkremotely.com/remote-jobs/laterpay-backend-software-engineer,"Headquarters: Munich, DE and New York, NY","Must be located: Europe, North America"
https://weworkremotely.com/remote-jobs/g2i-inc-remote-contract-react-native-engineer-3,"Headquarters: Delray Beach, FL",Must be located: North and South America
https://weworkremotely.com/remote-jobs/analytics-fire-solutions-architect-ruby-python-react-small-team-100-remote-flexible,"Headquarters: Palo Alto, CA",Must be located: North America
https://weworkremotely.com/remote-jobs/analytics-fire-release-manager-ruby-python-react-small-team-100-remote-flexible-hours,"Headquarters: Palo Alto, CA",Must be located: North America
https://weworkremotely.com/remote-jobs/tigera-senior-software-engineer-golang,"Headquarters: San Francisco, CA",Must be located: North America
https://weworkremotely.com/remote-jobs/sked-social-javascript-nodejs-mean-full-stack-developer-engineer-b2b-saas,"Headquarters: Melbourne, Australia",Must be located: Somewhere compatible to collaborate with US Eastern timezone
https://weworkremotely.com/remote-jobs/sked-social-front-end-developer-engineer-angular-1-react-nodejs-experience-a-plus,"Headquarters: Melbourne, Australia",Must be located: Somewhere compatible to collaborate with US Eastern timezone
https://weworkremotely.com/remote-jobs/devexi-full-stack-software-engineer,"Headquarters: Fairvax, VA",
https://weworkremotely.com/remote-jobs/quimbee-site-reliability-engineer,"Headquarters: Charlotte, NC",
https://weworkremotely.com/remote-jobs/action-verb-senior-ruby-developer-rails-and-non-rails,"Headquarters: Las Vegas, NV",Must be located: U.S.A.
https://weworkremotely.com/remote-jobs/branchlabs-magento-ecommerce-developer,Headquarters: Fully Remote,
https://weworkremotely.com/remote-jobs/g2i-inc-remote-contract-elixir-engineer,"Headquarters: Delray Beach, FL",
https://weworkremotely.com/remote-jobs/hashicorp-software-engineer-consul-ecosystem-golang,Headquarters: San Francisco,Must be located: California
https://weworkremotely.com/remote-jobs/noddus-remote-back-end-engineer-in-a-rapidly-growing-startup,"Headquarters: Madrid, Spain",
https://weworkremotely.com/remote-jobs/missinglettr-django-web-developer,Headquarters: England,
https://weworkremotely.com/remote-jobs/numbrs-personal-finance-ag-software-engineer-backend-remote,"Headquarters: Zurich, Switzerland",Must be located: Schweiz
https://weworkremotely.com/remote-jobs/taxjar-software-engineer-platform-team-ruby-on-rails,Headquarters: Remote - USA,
https://weworkremotely.com/remote-jobs/flowpress-senior-wordpress-developer-2,Headquarters: Toronto,Must be located: Americas and Europe
https://weworkremotely.com/remote-jobs/action-verb-senior-javascript-react-engineer,"Headquarters: Las Vegas, NV",Must be located: U.S.A.
https://weworkremotely.com/remote-jobs/taxjar-software-engineer-reporting-team-ruby-on-rails,Headquarters: Remote - USA,
https://weworkremotely.com/remote-jobs/dockyard-inc-sr-ember-developer,"Headquarters: Boston, MA",Must be located: USA
https://weworkremotely.com/remote-jobs/kuali-core-engineer,"Headquarters: Lehi, UT",Must be located: UT
https://weworkremotely.com/remote-jobs/indeed-remote-full-stack-reactjs-ruby-on-rails,"Headquarters: Austin, TX",Must be located: North America
https://weworkremotely.com/remote-jobs/indeed-remote-software-engineer,"Headquarters: Austin, TX",Must be located: North America
https://weworkremotely.com/remote-jobs/indeed-remote-reactjs-redux-software-engineer,"Headquarters: Austin, TX",Must be located: North America
https://weworkremotely.com/remote-jobs/ibotta-ios-engineer,"Headquarters: Denver, Colorado",
https://weworkremotely.com/remote-jobs/ibotta-android-engineer,"Headquarters: Denver, Colorado",
https://weworkremotely.com/remote-jobs/avocado-mattress-senior-elixir-developer,"Headquarters: Hoboken, NJ",Must be located: U.S.A.
https://weworkremotely.com/remote-jobs/soshace-front-end-javascript-developer-2,Headquarters: Remote,Must be located: Saint Petersburg City
https://weworkremotely.com/remote-jobs/flyt-junior-graduate-node-developer,Headquarters: Los Angeles,Must be located: North America
https://weworkremotely.com/remote-jobs/gistia-sr-software-engineer-angular-full-time-remote,"Headquarters: Miami, FL",
https://weworkremotely.com/remote-jobs/piggy-llc-devops-engineer-remote,Headquarters: Remote Worldwide,
https://weworkremotely.com/remote-jobs/hireology-software-engineer-in-test-1,"Headquarters: Chicago, IL ",Must be located: U.S.A.
https://weworkremotely.com/remote-jobs/hireology-junior-site-reliability-engineer,"Headquarters: Chicago, IL ",Must be located: U.S.A.
https://weworkremotely.com/remote-jobs/foursum-golf-inc-javascript-react-react-native-developer,"Headquarters: Toronto, ON",Must be located: North America
https://weworkremotely.com/remote-jobs/cafemedia-angular-web-developer-1,"Headquarters: New York, NY",Must be located: NY
https://weworkremotely.com/remote-jobs/sourcefabric-full-stack-web-developer-superdesk,"Headquarters: Prague, Czech Republic",Must be located: Europe: GMT -1 to +3
https://weworkremotely.com/remote-jobs/x-mode-social-inc-ios-engineer,"Headquarters: Reston, VA",Must be located: United States
https://weworkremotely.com/remote-jobs/x-mode-social-inc-android-engineer-1,"Headquarters: Reston, VA",Must be located: United States
https://weworkremotely.com/remote-jobs/x-mode-social-inc-senior-back-end-engineer,"Headquarters: Reston, VA",Must be located: United States
https://weworkremotely.com/remote-jobs/oddball-senior-node-engineer,Headquarters: Remote ,Must be located: U.S.A.
https://weworkremotely.com/remote-jobs/lensrentals-senior-full-stack-software-developer,"Headquarters: Memphis, TN",Must be located: U.S.A.
https://weworkremotely.com/remote-jobs/allovue-software-developer,"Headquarters: Baltimore, MD",
https://weworkremotely.com/remote-jobs/hireology-senior-software-engineer,"Headquarters: Chicago, IL ",Must be located: North America 
https://weworkremotely.com/remote-jobs/zinc-technologies-software-engineer,Headquarters: San Francisco,Must be located: Anywhere you want
https://weworkremotely.com/remote-jobs/iphone-photography-school-senior-php-laravel-developer-your-dream-work-environment,"Headquarters: Riga, Latvia",
https://weworkremotely.com/remote-jobs/pixelcabin-mid-level-front-end-developer,Headquarters: UK,
https://weworkremotely.com/remote-jobs/perengo-full-stack-engineer,"Headquarters: San Francisco, CA","Must be located: Europe, North America"
https://weworkremotely.com/remote-jobs/cvedia-remote-qa-manager-europe-full-time,Headquarters: Europe,Must be located: Europe
https://weworkremotely.com/remote-jobs/replay-gaming-react-native-developer,"Headquarters: London, UK",Must be located: Americas and Europe
https://weworkremotely.com/remote-jobs/replay-gaming-senior-ruby-js-developer,"Headquarters: London, UK",Must be located: Europe or Americas
https://weworkremotely.com/remote-jobs/language-drops-senior-web-frontend-react-typescript-developer-1,Headquarters: Estonia,Must be located: Europe
https://weworkremotely.com/remote-jobs/instinct-science-experienced-back-end-elixir-developer,"Headquarters: Philadelphia, PA",Must be located: North America or South America
https://weworkremotely.com/remote-jobs/attractions-io-full-stack-developer-php-javascript,"Headquarters: Uttoxeter, GB",
https://weworkremotely.com/remote-jobs/etch-front-end-developer,"Headquarters: Canterbury, UK",Must be located: UK
https://weworkremotely.com/remote-jobs/retail-zipline-senior-rails-backend-engineer,Headquarters: San Francisco and Vancouver,Must be located: U.S.A or Canada
https://weworkremotely.com/remote-jobs/uniregistry-corp-software-developer-backend,Headquarters: Cayman Islands,Must be located: None/Other
https://weworkremotely.com/remote-jobs/g2i-inc-remote-contract-react-engineer-3,"Headquarters: Delray Beach, FL",Must be located: North and South America
https://weworkremotely.com/remote-jobs/aha-sr-rails-front-end-engineer-react,Headquarters: Remote,Must be located: North America
https://weworkremotely.com/remote-jobs/hashicorp-software-engineer-terraform-provider-enablement,"Headquarters: San Francisco, CA",
https://weworkremotely.com/remote-jobs/g2i-inc-react-native-node-engineer,"Headquarters: Delray Beach, FL",Must be located: Singapore
https://weworkremotely.com/remote-jobs/apitalks-full-stack-developer,"Headquarters: Czech Republic, Prague",Must be located: Europe
https://weworkremotely.com/remote-jobs/sticker-mule-jr-sre,"Headquarters: New York, NY",
https://weworkremotely.com/remote-jobs/moment-lead-android-engineer,Headquarters: Seattle,Must be located: U.S.A.
https://weworkremotely.com/remote-jobs/oddball-senior-node-engineer,Headquarters: Remote ,Must be located: U.S.A.
https://weworkremotely.com/remote-jobs/badass-software-agency-badass-software-agency-seeks-awesome-ios-engineer,"Headquarters: New York, USA",
https://weworkremotely.com/remote-jobs/nex-senior-frontend-engineer,"Headquarters: Vaduz, Liechtenstein",
https://weworkremotely.com/remote-jobs/avalution-consulting-llc-senior-lead-developer-ruby-on-rails-saas-app,"Headquarters: Cleveland, OH",Must be located: U.S.A.
https://weworkremotely.com/remote-jobs/paytogether-node-developer,Headquarters: London England,
https://weworkremotely.com/remote-jobs/ipresence-front-end-developer-react-js,Headquarters: Canada,Must be located: Europe
https://weworkremotely.com/remote-jobs/ipresence-full-stack-node-js-developer,Headquarters: Canada,Must be located: Europe
https://weworkremotely.com/remote-jobs/bit-zesty-contract-lead-senior-ruby-on-rails-developer-2-3-months,Headquarters: London,
https://weworkremotely.com/remote-jobs/bold-penguin-software-engineer,"Headquarters: Columbus, OH",Must be located: North America
https://weworkremotely.com/remote-jobs/pitch-senior-frontend-engineer-1,Headquarters: Berlin,
https://weworkremotely.com/remote-jobs/yobi-senior-full-stack-js-engineer,"Headquarters: Las Vegas, NV",
https://weworkremotely.com/remote-jobs/g2i-inc-remote-contract-react-native-engineer-3,"Headquarters: Delray Beach, FL",Must be located: North and South America
https://weworkremotely.com/remote-jobs/highereducation-senior-node-js-react-developer-1,"Headquarters: Houston, TX - Remote",Must be located: U.S.A.
https://weworkremotely.com/remote-jobs/waggl-inc-experienced-web-developer-ruby-on-rails-or-react,"Headquarters: Sausalito, CA",Must be located: Americas
https://weworkremotely.com/remote-jobs/sticker-mule-senior-full-stack-software-engineer-js-ruby-1,"Headquarters: New York, NY",
https://weworkremotely.com/remote-jobs/cardinal-financial-software-engineer,"Headquarters: Charlotte, NC ",
https://weworkremotely.com/remote-jobs/breeze-church-management-full-stack-developer-php,"Headquarters: Grand Rapids, MI",Must be located: U.S.A.
https://weworkremotely.com/remote-jobs/paybear-elixir-or-erlang-developer-for-paybear,Headquarters: Remote,Must be located: Remote
https://weworkremotely.com/remote-jobs/waggl-inc-director-of-engineering-ruby-react,"Headquarters: Sausalito, CA",Must be located: Americas
https://weworkremotely.com/remote-jobs/springboardvr-qa-lead,Headquarters: British Columbia / Oklahoma,
https://weworkremotely.com/remote-jobs/recharge-payments-software-engineer,"Headquarters: Los Angeles, CA",Must be located: North America
https://weworkremotely.com/remote-jobs/highrise-senior-android-developer-yc-startup,Headquarters: REMOTE,
https://weworkremotely.com/remote-jobs/kuali-software-engineer-remote,"Headquarters: Lehi, UT",
https://weworkremotely.com/remote-jobs/inn-labs-institute-for-nonprofit-news-senior-wordpress-developer-1,"Headquarters: Los Angeles, Denver, Remote",Must be located: U.S.A.
https://weworkremotely.com/remote-jobs/few-full-stack-react-native-developer,"Headquarters: Little Rock, AR",Must be located: U.S.A.
https://weworkremotely.com/remote-jobs/x-team-frontend-developer-react-angular-vue-js,Headquarters: Remote,
https://weworkremotely.com/remote-jobs/x-team-node-js-developer-4,Headquarters: Remote,
https://weworkremotely.com/remote-jobs/teamweek-frontend-developer-we-plant-a-tree-for-every-good-candidate,"Headquarters: Tallinn, Estonia",Must be located: Anywhere with working hours overlapping 0700-1400h UTC
https://weworkremotely.com/remote-jobs/tigera-senior-software-engineer-golang-1,"Headquarters: San Francisco, CA",Must be located: North America
https://weworkremotely.com/remote-jobs/the-predictive-index-software-engineer,"Headquarters: Westwood, MA",Must be located: North America
https://weworkremotely.com/remote-jobs/citrusbyte-polyglot-backend-engineer,Headquarters: Los Angeles,Must be located: your timezone must be within GMT-7 to GMT-2
https://weworkremotely.com/remote-jobs/mixmax-senior-software-engineer,Headquarters: San Francisco CA,
https://weworkremotely.com/remote-jobs/bevy-labs-inc-software-engineer-2,"Headquarters: Palo Alto, California",Must be located: USA and Canada
https://weworkremotely.com/remote-jobs/lugg-front-end-software-engineer,"Headquarters: San Francisco, CA",
https://weworkremotely.com/remote-jobs/aula-senior-full-stack-javascript-developer,"Headquarters: London, UK",
https://weworkremotely.com/remote-jobs/clevertech-sr-javascript-full-stack-engineer-1,Headquarters: Remote,Must be located: North America and Europe
https://weworkremotely.com/remote-jobs/clevertech-cloud-solution-architect,Headquarters: Remote,Must be located: North America and Canada
https://weworkremotely.com/remote-jobs/optimile-nv-remote-react-native-front-end-software-developer,Headquarters: Belgium (Ghent),Must be located: Europe
https://weworkremotely.com/remote-jobs/voxnest-spreaker-software-engineer-data-platform,Headquarters: Europe,Must be located: Europe
https://weworkremotely.com/remote-jobs/help-scout-ios-engineer,Headquarters: Remote,Must be located: MA
https://weworkremotely.com/remote-jobs/aha-lead-engineer-rails-react,Headquarters: North America,Must be located: North America
https://weworkremotely.com/remote-jobs/aha-security-engineer-rails-experience-required,Headquarters: North America,Must be located: North America
https://weworkremotely.com/remote-jobs/aha-senior-rails-engineer-react-3,Headquarters: North America,Must be located: North America
https://weworkremotely.com/remote-jobs/verticalops-mid-to-senior-golang-developer,"Headquarters: Orem, UT",Must be located: U.S.A.
https://weworkremotely.com/remote-jobs/cafemedia-sr-javascript-developer,"Headquarters: New York, NY",Must be located: U.S.A.
https://weworkremotely.com/remote-jobs/keona-health-senior-software-engineer,"Headquarters: Chapel Hill, NC",Must be located: U.S.A.
https://weworkremotely.com/remote-jobs/keona-health-senior-business-intelligence-software-developer,"Headquarters: Chapel Hill, NC",Must be located: U.S.A
https://weworkremotely.com/remote-jobs/digitalis-io-senior-software-developer-scala-spark,"Headquarters: London, UK",
https://weworkremotely.com/remote-jobs/graphenedb-cloud-engineer,"Headquarters: Distributed, Europe",
https://weworkremotely.com/remote-jobs/dbny-web-developer-shopify,"Headquarters: New York, NY","Must be located: Must be located: Americas, East Coast is preferred "
https://weworkremotely.com/remote-jobs/omniaccess-iptv-software-engineer,"Headquarters: Palma de Mallorca, Spain",Must be located: Europe
https://weworkremotely.com/remote-jobs/inpsyde-gmbh-php-entwickler-m-w-remote-homeoffice,Headquarters: Germany,Must be located: Europe
https://weworkremotely.com/remote-jobs/loop-link-senior-mobile-engineer,"Headquarters: Chicago, IL",
https://weworkremotely.com/remote-jobs/g2i-inc-remote-contract-react-native-engineer-2,"Headquarters: Delray Beach, FL",
https://weworkremotely.com/remote-jobs/conversion-rate-experts-front-end-designer-and-developer,"Headquarters: London, UK",Must be located: Worldwide
https://weworkremotely.com/remote-jobs/nomics-lead-distributed-data-engineer,"Headquarters: Minneapolis, MN",
